,,,,,,,,,,,,,,,,,,,,,,,,,,,,,
Theme: Economy & Prices,,,,,,,,,,,,,,,,,,,,,,,,,,,,,
Subject: National Accounts,,,,,,,,,,,,,,,,,,,,,,,,,,,,,
Topic: Gross Domestic Product (GDP),,,,,,,,,,,,,,,,,,,,,,,,,,,,,
"Table Title: Gross Domestic Product In Chained (2015) Dollars, By Industry (SSIC 2020), Quarterly, Seasonally Adjusted",,,,,,,,,,,,,,,,,,,,,,,,,,,,,
,,,,,,,,,,,,,,,,,,,,,,,,,,,,,
Data last updated: 22/11/2024,,,,,,,,,,,,,,,,,,,,,,,,,,,,,
Source: SINGAPORE DEPARTMENT OF STATISTICS,,,,,,,,,,,,,,,,,,,,,,,,,,,,,
,,,,,,,,,,,,,,,,,,,,,,,,,,,,,
Data Series,GDP In Chained (2015) Dollars (Million Dollars),GDP In Chained (2015) Dollars -> Goods Producing Industries (Million Dollars),GDP In Chained (2015) Dollars -> Goods Producing Industries -> Manufacturing (Million Dollars),GDP In Chained (2015) Dollars -> Goods Producing Industries -> Construction (Million Dollars),GDP In Chained (2015) Dollars -> Goods Producing Industries -> Utilities (Million Dollars),GDP In Chained (2015) Dollars -> Goods Producing Industries -> Other Goods Industries (Million Dollars),GDP In Chained (2015) Dollars -> Services Producing Industries (Million Dollars),GDP In Chained (2015) Dollars -> Services Producing Industries -> Wholesale & Retail Trade (Million Dollars),GDP In Chained (2015) Dollars -> Services Producing Industries -> Wholesale & Retail Trade -> Wholesale Trade (Million Dollars),GDP In Chained (2015) Dollars -> Services Producing Industries -> Wholesale & Retail Trade -> Retail Trade (Million Dollars),GDP In Chained (2015) Dollars -> Services Producing Industries -> Transportation & Storage (Million Dollars),GDP In Chained (2015) Dollars -> Services Producing Industries -> Accommodation & Food Services (Million Dollars),GDP In Chained (2015) Dollars -> Services Producing Industries -> Accommodation & Food Services -> Accommodation (Million Dollars),GDP In Chained (2015) Dollars -> Services Producing Industries -> Accommodation & Food Services -> Food & Beverage Services (Million Dollars),GDP In Chained (2015) Dollars -> Services Producing Industries -> Information & Communications (Million Dollars),GDP In Chained (2015) Dollars -> Services Producing Industries -> Finance & Insurance (Million Dollars),"GDP In Chained (2015) Dollars -> Services Producing Industries -> Real Estate, Professional Services And Administrative & Support Services (Million Dollars)","GDP In Chained (2015) Dollars -> Services Producing Industries -> Real Estate, Professional Services And Administrative & Support Services -> Real Estate (Million Dollars)","GDP In Chained (2015) Dollars -> Services Producing Industries -> Real Estate, Professional Services And Administrative & Support Services -> Professional Services (Million Dollars)","GDP In Chained (2015) Dollars -> Services Producing Industries -> Real Estate, Professional Services And Administrative & Support Services -> Administrative & Support Services (Million Dollars)",GDP In Chained (2015) Dollars -> Services Producing Industries -> Other Services Industries (Million Dollars),GDP In Chained (2015) Dollars -> Services Producing Industries -> Other Services Industries -> Public Administration & Defence (Million Dollars),GDP In Chained (2015) Dollars -> Services Producing Industries -> Other Services Industries -> Education (Million Dollars),GDP In Chained (2015) Dollars -> Services Producing Industries -> Other Services Industries -> Health & Social Services (Million Dollars),"GDP In Chained (2015) Dollars -> Services Producing Industries -> Other Services Industries -> Arts, Entertainment & Recreation (Million Dollars)",GDP In Chained (2015) Dollars -> Services Producing Industries -> Other Services Industries -> Other Services - Others (Million Dollars),GDP In Chained (2015) Dollars -> Ownership Of Dwellings (Million Dollars),GDP In Chained (2015) Dollars -> Gross Value Added At Basic Prices (Million Dollars),GDP In Chained (2015) Dollars -> Add: Taxes On Products (Million Dollars)
  2024 3Q,140619.7,36920.1,30464.2,4578.3,1594.8,41.5,90499.8,20863.7,18978.5,1836.5,8900.4,2138.1,891.9,1157.4,8633.6,18747.5,17368,5483.1,7883.6,4186.9,13472.4,3181.8,3637.8,3719.9,1332,1562,5926,133144.3,7275.1
  2024 2Q,136199.9,33331.2,26843,4547.3,1592.4,40.6,89628,20803.7,18871.3,1802.7,8794.8,2107.9,875.6,1154.4,8401.2,18693.3,17233.7,5411.9,7723.6,4221.5,13325.8,3157.9,3577.1,3693,1249.8,1579,5909.4,128992.5,7005.1
  2024 1Q,135514.5,33595,27132.7,4399.6,1555.8,41.6,89224.6,20459,18401.1,1861.8,8635.9,2110,921.4,1182,8345.7,18635.2,17140.1,5436.3,7702.2,4197.3,13448.8,3153.4,3562.6,3575.8,1600.3,1585.9,5769.9,128647,6675.3
  2023 4Q,135048.8,35116.1,28613.1,4509.7,1549.8,40,87287.2,19855.8,17998.1,1814.5,8373.2,2022.8,837.4,1148.8,8338.4,18521.1,17267.4,5440.9,7841.6,4144.9,13219.4,3160.5,3546.4,3529.3,1429.2,1548.5,5688.9,127978.3,6854.7
  2023 3Q,133479.2,33717.6,27376.2,4423,1558,39.7,87051.3,19979.5,18109.5,1850.5,8279.3,2105.5,863.9,1165.9,8250,17788.6,17228.3,5491.9,7742.2,4173.9,13162.4,3165.5,3544,3513,1395.5,1498.5,5630.7,126460.6,6845.5
  2023 2Q,132117.6,33357,27163,4341.4,1546.1,38.7,86366.7,19935.1,18019.2,1844.7,8373.4,2096.8,844.7,1175.7,7872.1,17574.8,17197.4,5583.6,7575.4,4185.7,12990.6,3153.8,3523.3,3542.4,1196,1505.6,5631.1,125245.2,6642.9
  2023 1Q,131538.2,33686.1,27516.8,4233,1527.4,39,85582.8,19931,17935.4,1817.7,8068.4,1974,803.2,1169.1,7837.1,17390.5,17021.7,5423.9,7584.7,4209.1,12908.9,3143.9,3525.1,3455.2,1297.7,1504.7,5504.2,124757.3,6569.5
  2022 4Q,132209,34605.1,28372.8,4283.7,1544.8,38.3,85538.4,19825.5,17971.4,1815.2,8155.4,2008.4,824.3,1166.8,7973.5,17566.6,17383.3,5430.7,7910.9,4219.6,12719.7,3132.1,3498,3420.4,1175.2,1475.9,5549,125546.5,6437.2
  2022 3Q,132190.4,34778.4,28669.3,4286,1515.2,37.7,85170.9,19800.9,17936.4,1809.3,8202,1957,770,1132.6,7789.2,17355.2,16885.4,5300.6,7623.8,4114.3,12676.1,3170,3485.2,3373.2,1178.8,1419.5,5524.3,125415.5,6627.2
  2022 2Q,131299.8,35429.6,29568.7,4085.8,1515.7,38.6,83907.2,19524.5,17648.3,1816.4,7968.3,1935,736.9,1122.5,7469.8,17790.2,16624.3,5101.5,7548.2,4040.5,12459.5,3113.4,3463.4,3392.3,985,1430.7,5515.2,124408.2,6654.7
  2022 1Q,130852.7,35100.8,29071.9,3976,1525.8,38.9,83921.4,19902.4,17941.2,1789.6,8029.9,1724.4,648.7,1051.9,7319.8,17653,16227.2,5072.9,7298.9,4007.2,12214.1,3100.7,3467.8,3298,943.1,1411.8,5413.5,124142.7,6484.7
  2021 4Q,129163.7,35146.7,29329.2,4023.8,1512.5,41.9,81687.4,19050.9,17277.5,1732.8,7846.9,1783.5,734.9,1033.8,7408.6,17773,15579,4914.8,7002.7,3864.2,12167.3,3092.2,3478,3268.8,922.6,1350.6,5504.3,121967.3,6981.6
  2021 3Q,126840.1,34046.7,28144.3,4090,1499.6,41.1,80557.9,18834.6,17070.5,1669.1,7678.3,1661.6,726.6,911.5,7332.8,17529,15154.1,4736.5,6730.5,3829.1,11870.6,3088,3466.4,3236.5,700.3,1315.5,5494.7,119922.1,6831.3
  2021 2Q,125350.7,33564.7,27734.9,4050.8,1490.4,42.4,79829.6,18949.4,17269.4,1562.5,7633.7,1667.3,756.3,891.1,6849.8,17583.1,14896.8,4623.9,6631.7,3697.7,11914.6,3106.2,3440.3,3209.8,756.8,1310,5503.9,118356.3,6768.7
  2021 1Q,125717.3,33208.3,27463.7,3741.2,1484.2,40.7,80087.3,19025.4,17190.8,1688.6,7702.2,1761.8,705.8,1042.5,6657.1,17350.6,14762.9,4580.1,6474.2,3799.3,12045.8,3086.3,3429.1,3220.5,948,1379.8,5403.8,118377.8,7155.8
  2020 4Q,119881,30171.3,25408.3,3135.8,1471.5,40.8,77063.6,18042.7,16359.9,1644.5,7098,1810.9,811,1010.3,6663.9,16978.9,14439.1,4295.7,6335.8,3963,11924.4,3064.6,3400.7,3155.7,929.8,1307.8,5434.8,112572.1,7197.3
  2020 3Q,115730.3,30078,25926.8,2173.7,1424.2,37.5,73687.2,17000.5,15306.2,1616.8,6741.5,1805.4,858.1,927.1,6243.2,16179.1,13857.3,3469.7,6455.1,3960.6,11452.6,3008.4,3298.8,3003.9,802.4,1292.7,5455,109061.3,6690.6
  2020 2Q,106180.1,26766.8,23432.2,1568.7,1371.5,31.6,69854.4,17011.9,15799.1,1007.8,5890.2,1444.2,792.1,653.3,5838,15879.6,13122.6,3078.1,6064,3917.5,10224.6,2948.7,3217.1,2711.4,88.8,1130.7,5479.8,101741.7,3857
  2020 1Q,120491.3,30758.8,24702.9,4236.4,1498.8,39,77393.3,17014.5,15287.4,1648.3,7983,1787.4,700.7,1104.5,5906.5,16323.5,16170.4,4125.7,6949.3,5041.8,12085.9,2972.4,3383.1,2939.1,1304.9,1544.9,5508.2,113446.9,6979.6
  2019 4Q,120648.2,29071.1,22868.4,4758.8,1484.9,38.8,78667.4,17428,15646.4,1768.9,8379.8,2286.8,1012.1,1285.5,5697.3,16081,16375,4232.2,7196.6,5093.9,12635.2,2919.2,3448.3,3087.6,1562,1592.9,5473.1,113107.5,7352.7
  2019 3Q,120502.8,29653.9,23234.6,4836.9,1484.5,40.6,78200.4,17600,15718.4,1842.3,8211.6,2353.1,1014.3,1320.1,5557.6,15284.8,16489.9,4206.9,7193.6,5111.3,12528.9,2884.8,3465.4,3060.7,1516.4,1612.5,5423.6,113309,7470.9
  2019 2Q,120338.4,29947.7,23531.8,4889.3,1473.2,37.7,77949.1,17776.7,15896.6,1857.3,8187.3,2379.6,1019.8,1348.6,5454.5,15332.2,16429,4232.5,7120.4,5025.8,12454.4,2858.6,3458.9,3031.7,1449,1610,5382.8,112922.1,7404.9
  2019 1Q,119438.3,29440.8,22893.7,4895.7,1483.1,38.5,77264.8,17749.6,15832.7,1892.7,8142.6,2387.4,1031.5,1374.6,5174.5,14849.3,16474.2,4374.4,7089.8,4960.8,12374.9,2859.5,3414.8,3018.1,1582.2,1589.4,5346.2,111934.5,7487.7
  2018 4Q,118839,30079.2,23804,4804.8,1464.9,37.3,76719.7,17567.8,15672.9,1888.5,8207.7,2373,1022.5,1361.2,5023.4,14597.8,16828.3,4244.4,6863.1,5833.1,12219.7,2818.1,3436.4,2992.9,1398.1,1543.6,5257.9,111923,6874.1
  2018 3Q,119491.4,29897.5,23487.8,4858.9,1469.6,37,77071.8,17635.3,15707,1903.6,8251.2,2389.2,1048.5,1328.5,4872.5,14397.3,17139.8,4302.5,6569.9,6216.6,12179.2,2798.9,3459.7,2945.4,1467.8,1516.4,5210.6,112253.4,7329.8
  2018 2Q,118528.8,29824.6,23623.8,4766.6,1471.7,36.4,76260.5,17419.5,15488.3,1932.9,8172.3,2382.8,1056.2,1317.9,4732.2,14319.7,17261.9,4273.4,6478.2,6395.9,12131,2829.5,3477.1,2951.1,1331,1499.7,5165.2,111073.6,7469
  2018 1Q,117767.2,29441.1,23015.6,4827.2,1453.5,34.9,75946.1,17221,15322.9,1891.1,8254,2324.3,1010.9,1324.8,4663.2,14180.6,17165.3,4149.7,6597.1,6346.6,12183.2,2768.3,3433.7,2914.7,1655.6,1484.4,5103.6,110427.8,7254.4
  2017 4Q,116943.8,28946.2,22641.4,4823.4,1478.2,34.4,75355.5,17377,15471,1899,8258.2,2293,975.4,1325,4559.4,14116.4,16792.7,4182.4,6468.7,6178.5,12063.1,2765.5,3394.7,2890.7,1498.2,1483.7,5032.6,109196.6,7726
  2017 3Q,115761.1,29034.3,22754.4,4751.7,1483.5,37.6,74433.3,16784,14899,1881.2,8161.6,2286.2,964,1317.5,4545.2,13836,16720.6,4157.8,6513.6,6027.4,11944,2766.1,3394.2,2886.2,1425.8,1476.3,4962.8,108534.8,7294.7
  2017 2Q,113045.1,27504.4,21333.9,4735.6,1454.6,34.8,73729,16688,14808.1,1882.6,8099.1,2275,961.4,1306.4,4582.2,13480.3,16803.8,4296.6,6462.7,5971.6,11974.3,2785,3377.2,2864.4,1458.5,1467,4917,106076.9,6997.3
  2017 1Q,112665.4,27393.1,21001.6,4828.4,1480.7,34.5,73070.8,16987.3,15096.1,1888.4,8040.1,2301,958.5,1347.5,4561.3,12854.5,16507.3,4271.3,6326.8,5885.5,11833.4,2742.7,3407.8,2871.5,1409.2,1454.6,4877,105316,7290
  2016 4Q,111966.5,27627.9,21275.8,4836.3,1487.1,34.5,72721.7,17297.3,15430.4,1866,7881.3,2258.4,935.5,1328.6,4295.6,12964.7,16335.5,4437.5,6154.4,5772.8,11799.6,2792.1,3397.2,2823.8,1303.9,1448.4,4810.8,105052.5,6900.4
  2016 3Q,110002,25725.8,19159.9,5080.1,1468,31.8,72251.3,16865.1,14980.8,1887.8,7721.3,2301.4,950.6,1344.6,4399.1,12613,16384.3,4551.8,6231.5,5623.3,11756.8,2766.6,3413.8,2795.3,1344.7,1436.3,4767.4,102874.7,7167.7
  2016 2Q,108923.4,26364.8,19616.4,5252.8,1480.8,35.7,70980,16205.4,14331,1880.1,7741.8,2264.8,933.6,1329,4506.5,12465.7,16340.3,4546.9,6176.1,5579.6,11538.2,2720.1,3400.3,2725.3,1263,1425.8,4700.6,102011.7,6939.7
  2016 1Q,107680.6,25991.2,19417.3,5052.9,1476.8,35.4,70389,15888.7,14011.7,1864.9,7619.6,2244.7,934.4,1315.3,4331.8,12470.9,16497.1,4713.3,6050.2,5729.9,11372,2736.3,3413.2,2652.2,1190.5,1411.1,4665.9,101071.3,6574.9
  2015 4Q,106764.5,25673.5,18928.5,5215.2,1473.6,33.9,70056.7,16155.2,14321.6,1833.7,7478.8,2216.8,919,1299.2,4096.5,12656.4,16220.2,4713.7,6129.6,5391.5,11290.3,2697.2,3406.7,2592.2,1167.5,1399.3,4587.2,100217.3,6519.8
  2015 3Q,106795,25652.3,18922.5,5206.8,1458.5,34.8,70375.9,16577.8,14747.2,1832,7549.9,2205.8,906.4,1292.8,4058.5,12462.3,15945.9,4731.9,6132.2,5117.8,11329.4,2665.9,3388.8,2476.6,1405.1,1384.6,4550.1,100711.2,6097.7
  2015 2Q,105522.6,25887.4,19277.2,5157.2,1447.3,34.5,69269.1,16549.1,14736.9,1812.5,7476.3,2165.3,889,1276.7,4141.5,12340.3,15471.9,4651.8,6053.2,4764.2,11224.9,2642.2,3391.8,2483.7,1337.7,1371.8,4498.7,99589.8,5947.6
  2015 1Q,104225.2,25757.1,19479.1,4867.4,1437.6,34.7,68284.3,16260.8,14464.9,1797,7524,2171.8,890.3,1287.8,3924.1,12413.2,15004.3,4684.1,5890.5,4376.8,11128,2622.3,3325.9,2445.8,1415.2,1360.4,4464.1,98552.5,5673.6
  2014 4Q,104639.5,26447.2,20136.2,4870.4,1434,33.8,68331.9,16079.4,14305.7,1769.8,7395.5,2227.9,924.1,1303.5,4079.3,12375,14900.3,4597.7,5954.8,4349.1,11196.2,2592.5,3301.2,2411.2,1518.3,1340,4403.4,99047.9,5598.1
  2014 3Q,103088,26474.6,20161.3,4839.4,1436.5,35.5,66868.9,15773.8,14033.6,1737.5,7332.8,2210.4,917.3,1286.8,4083,11950.5,14526.3,4575.9,5643.7,4312.7,10825.3,2579.1,3249.8,2400.3,1275.1,1317.9,4351.9,97629.7,5473
  2014 2Q,102170,26232,20087.7,4749.9,1421.4,34.6,66364.5,15750,14052.6,1690.2,7277.5,2183.9,904.6,1277.9,4103.7,11737.2,14400.3,4635.2,5532.8,4242.4,11023.2,2544.3,3226.1,2347,1591.5,1307.4,4293.6,96748.2,5427.5
  2014 1Q,101112.2,26431.4,20362.4,4830.3,1409.8,34.5,65169.4,15513.3,13816.6,1708.7,7236.9,2154.9,882.8,1276.4,3959.9,11603.1,14028.6,4656.5,5402.8,3889.3,10850.7,2500,3199.9,2300,1600.7,1303.2,4255.7,95821.8,5317.2
  2013 4Q,100367.5,26346.7,20333.5,4546.1,1408.1,33.5,64651.5,15371.7,13698.4,1664.3,7315.5,2086.8,844.9,1247.2,3799.5,11314.1,14009.7,4762.2,5295.1,3922.7,10632,2528.4,3180.2,2264.6,1329.2,1307.8,4205.3,95045.9,5317.4
  2013 3Q,99449.8,25769.6,19885.6,4453.4,1410.9,34.2,64219.4,15170.9,13501.1,1662.3,7283.1,2101.6,848.9,1249.7,3785.3,10742.4,14229.4,4715.4,5686.3,3820.8,10802.9,2525.7,3186.4,2206.3,1551.6,1305,4166.8,93959.8,5473.1
  2013 2Q,98774,25530.2,19797,4376.8,1390.5,33.2,63685.7,15050.5,13365,1697.4,7116,2166.4,896.8,1264.7,3881.3,10881.4,14183.9,4684.1,5693.4,3815.1,10618,2550.6,3133.1,2178.5,1440.9,1302.9,4153,93210.1,5572.4
  2013 1Q,96804.7,24002.2,18566.7,4356.1,1376.9,33.2,63138.2,15276.2,13623.3,1658.1,6935.3,2183.6,973.6,1212.8,3681.3,10732.5,13986.1,4564.3,5817,3529.4,10440.2,2485,3141.6,2146.3,1457.4,1290.4,4137.4,91381.6,5442.8
  2012 4Q,95912.3,24959.8,18994.5,4363.9,1375,32.2,61213.5,14619.1,12968.2,1657.1,6985.3,2044.8,855.8,1192.5,3642.6,9608.2,13680,4428.9,5746.3,3472.3,10537.9,2539.7,3106.7,2116.4,1467,1277.8,4101.4,90222.6,5722.7
  2012 3Q,93475.3,24571.6,18857.9,4354.8,1374.2,33,59559.5,14286.5,12646.3,1649.2,6942.3,2055.1,866.9,1180.7,3508.9,9191.6,13301.2,4334,5524.8,3426.9,10277,2483.7,3084.2,2089.3,1345.7,1262.9,4057,87850.4,5622.5
  2012 2Q,94392,25334.3,19664.1,4332.7,1366.8,33.4,59767.4,14559.4,12925.3,1639.4,6947.8,2061.2,886.6,1169.4,3549.2,9229.3,13283.1,4270,5610.6,3421.2,10367,2477.4,3053.4,2068.9,1487.5,1251.7,3999,88852.7,5574.7
  2012 1Q,93558.4,25023.6,19877.3,4252.2,1364.3,31,58779.5,13869.3,12244.6,1654.5,6936.7,2039.2,906.7,1135.8,3374.8,9103.9,13226.3,4233.6,5514.6,3441.9,10493.2,2465.4,2977.2,2060.6,1827.8,1246.1,3952.4,87768.5,5827.3
  2011 4Q,91869.3,24798.4,19020.4,4097.6,1330.7,32.2,57875.4,13701.8,12086.5,1647,6656.9,2013.1,898.8,1114.1,3391,8830.6,13191.6,4168.1,5534,3431.9,10154.7,2444.6,2932.8,2031.9,1489.9,1228.9,3909,86466.1,5418.7
  2011 3Q,91291.5,24250.7,19030.9,3976.8,1353.5,29.9,58011.5,13700,12103.7,1612.7,6707.4,1996.5,892.7,1090.1,3288.3,9106.3,13117.6,4363.3,5429.9,3322.9,10187.1,2424,2904.1,2005.1,1610.8,1215.4,3859.9,85695.6,5585.5
  2011 2Q,88982.1,24140,18973.5,3803,1356.8,30.6,55804.1,13243.9,11667.8,1611.3,6725.6,1951.4,884.7,1064.8,3168.2,8586.2,12528.9,4139.1,5200.8,3174.6,10049.6,2433,2885.9,1956.8,1537.4,1201.9,3843.9,83493.8,5572.2
  2011 1Q,89201.9,24614.7,20159.4,3736.1,1322.1,31.4,55333.6,13009.2,11477,1561.2,6522.1,1877.5,856,1026.8,3158.1,8474.5,12389.8,4188.5,5215.7,2976.7,10049.3,2418.4,2955.4,1969.5,1614.9,1188.5,3805.1,83753,5479
  2010 4Q,87552.2,22961.9,17377.5,3791.5,1343.8,29.3,55371.4,13022.4,11466.3,1594.4,6452.5,1843.5,826.7,1013.1,3119.6,8749.3,12169.1,4198.5,5230.5,2706.9,10001.5,2422.8,2886.7,1932.7,1544.7,1175.7,3728,81912.8,5751.9
  2010 3Q,84281.7,22248.8,17337.8,3797.5,1311.5,30.5,53342.6,12598.4,11068.9,1571.2,6361.1,1769.9,777.3,983.3,3052.5,8145.9,11774.6,4020.2,5174.2,2598.6,9864.1,2442,2852.5,1891.1,1487.2,1174,3730,78820.5,5497.9
  2010 2Q,86693.4,25099.1,19835.9,3866.5,1310.2,31,52531.7,12319,10837,1511.5,6289.4,1706.9,724.6,980.4,2984.4,8010.3,11934.7,4118,5257.4,2584.6,9820.6,2413.6,2843.2,1916.3,1436.7,1173.4,3740.5,81182.7,5611.4
  2010 1Q,81783.9,21417.8,17036.9,3650.5,1292.6,28.5,51210.6,11967.6,10465.6,1569.1,6282.1,1652.5,684,963.7,2935.5,7654.4,11852.4,3977.9,5310,2583,8926.6,2419.1,2832.4,1842,802.3,1160,3738.5,76282.2,5690.5
  2009 4Q,77291.7,19243,13746,3798,1272.5,31.3,49366,11249.9,9769,1559,6191.2,1576.7,661.1,899,2864,7640.1,11369.5,3874.5,5112.1,2322.5,8732.9,2432,2808.2,1801.6,592.9,1152.7,3702.8,71981.2,5597.9
  2009 3Q,76172.4,19674,15152.9,3545.3,1233.1,27.9,48013.6,10820.8,9357.8,1569.6,5997.5,1531.6,624.6,892.5,2838.1,7466.5,11108.7,3720.1,5132.5,2287,8629.4,2458.2,2754,1761.8,568.8,1140.2,3718.7,70814.1,5587
  2009 2Q,73327.8,18464.9,13761,3459.3,1209.6,27.2,46535.3,10506.8,9061.7,1555.1,5855,1472.4,585.1,886.8,2806.9,7226.6,10811.4,3663.8,4949.3,2213.2,8406.1,2251.8,2703.5,1735.3,616.7,1135.9,3739.5,68267.7,5318.5
  2009 1Q,70353.9,16533.1,12481.7,3287.7,1148.3,29.5,45689.3,10281.1,8841.9,1542.2,5873.4,1488.9,584,903.6,2763.5,6556.2,10638.5,3508.5,4914.7,2240,8247.2,2286.6,2646.9,1708.4,592.2,1128.3,3736.5,65599.6,4941.5
  2008 4Q,72247.5,17879.2,13316.4,3146.5,1203.2,25.9,46234,10546.2,9066.6,1581.2,6100,1543.8,608.2,929,2777.1,6762.6,10703.9,3468.3,4891.9,2310.5,8201.1,2234.1,2605.4,1700.6,573.9,1128.3,3729,67399.4,5051.8
  2008 3Q,73948.4,17986.3,14047.6,3052.9,1217.1,27.5,47811.2,11180,9616.2,1675.4,6666.3,1563.6,619.2,939.7,2679.2,7234.7,10659.2,3438.3,4932.7,2307.8,8074.2,2165.5,2558.4,1707.4,564.5,1116.2,3683.2,68833.2,5315.1
  2008 2Q,74425.3,17975.5,13912,2822.4,1186,29,48137.9,11438.6,9863.3,1692.9,6794.3,1600.5,653.4,939.4,2591.1,7471.3,10487.8,3356.5,4881.1,2260.4,8023.6,2166.1,2515.1,1703.6,583.4,1106,3648.8,69292.6,5393.8
  2008 1Q,76343.2,19837.2,16489,2491,1192.5,29.4,47848.2,11477.7,9905.1,1690.7,6681.6,1618.9,663.7,944.5,2564.1,7144.7,10377.5,3302,4846.8,2237,7865.4,2187.4,2458.2,1668.5,553.3,1097.9,3636.2,71175.3,5370.6
  2007 4Q,74448.5,18685.2,14760.9,2472.2,1197,29.3,46975.2,10954.5,9393.9,1678.3,6491.9,1548.5,657.6,885.6,2577.8,7464.3,10076.8,3190.5,4785.3,2090.7,7933.8,2178,2427.5,1685.5,574.7,1112.3,3629.4,68899.1,5960.6
  2007 3Q,74131,19208,15805.6,2324.4,1174.6,28.6,45887,10826.8,9294,1650.5,6320.6,1558.2,667.3,883.9,2523.6,7124.1,9841.5,3127.7,4789.9,1952.8,7849.1,2166.1,2410.4,1678.8,539.3,1095.7,3648.5,68387.5,6278.1
  2007 2Q,72209.6,18364.5,14779.8,2216.8,1159.5,30.1,44886.5,10710.4,9128.5,1758.4,6192.8,1549.9,675.9,863.8,2461.9,6857.2,9608.7,3057.3,4700.4,1889.9,7771.5,2134.9,2372.5,1663.6,581.6,1077.6,3658,66460.2,6449.6
  2007 1Q,70566.9,17871.1,14716.4,2186.3,1174.7,30.7,43826.2,10647,9099.2,1693.9,6092.2,1550.6,673.4,865.7,2408.5,6264,9195.4,2951.2,4472.1,1793.7,7659.5,2113.5,2366.8,1636.6,568.5,1065.8,3646.2,64989.2,6250
  2006 4Q,69557.6,18257.2,14861.2,2000.9,1145.2,32.1,42845.3,10464.8,8937.5,1657.7,5871.1,1521.4,660.1,857.2,2461.8,6089.8,8836.6,2813,4281.5,1758.3,7690,2109.8,2351.3,1641.7,572.9,1054.2,3631.7,64470.8,5365.2
  2006 3Q,66961,17234.8,14188.3,1943.6,1147.2,28,41632.4,10172.8,8700,1612.2,5800.7,1496.8,651.1,842.2,2371.6,5847.3,8500.9,2767.8,4113.5,1642.9,7598,2116.5,2317,1628,535.3,1048,3630.1,62026.6,5204.7
  2006 2Q,65714.2,16930.4,13762.9,1832.4,1125.1,29.4,40829.1,9899.6,8429.4,1624.7,5656.4,1463.6,631.2,821.3,2294.3,5913.8,8251.2,2749.8,4009.2,1555.1,7565.8,2107.8,2270.8,1621.8,586.1,1034.9,3623.6,60843.4,5144.4
  2006 1Q,64987.4,16699.9,13812.3,1848.7,1106,29.3,40238.1,9717.2,8280,1577.1,5593.6,1432.5,627.1,796,2249.3,5714.7,8112.6,2732.7,3905.6,1526.1,7470,2101.4,2318,1601.9,539.7,1011,3610.8,60105,5280.2
  2005 4Q,63863.9,16695.5,13684,1806.8,1084.9,29.7,39180.5,9393,7958,1574.8,5565,1437.3,633.9,800.2,2298.3,5347,8118.8,2850.1,3844.7,1486.9,7209,2086,2096.4,1536.9,520.9,1015.4,3581.7,59127.3,5051.5
  2005 3Q,61871.1,15733.9,12936.7,1731,1041.2,29.5,38556.1,9144,7749.2,1561.2,5485.4,1402.6,631.4,772.3,2275.8,5188.7,8029.6,2810.8,3781.8,1493.6,7264.9,2094.4,2128.2,1551,537.7,1006.5,3568.5,57285.8,4871.5
  2005 2Q,60391.4,15175.5,12265.3,1741,1054,28.3,37916.2,8958.5,7573.2,1534,5458.7,1393.9,629.2,763.2,2235,5118.1,7850.5,2763.8,3700.5,1470.3,7154,2055,2133.5,1515.6,514.5,993.5,3541.5,55924.4,4725.3
  2005 1Q,58907.9,14377.8,11606.1,1799.1,1050.5,29.3,37274.8,8715.1,7340.7,1513.1,5419.3,1342.4,608.5,732.8,2166.5,5039.8,7679.3,2723,3633.3,1401.9,7101.1,2130.8,2123.2,1509.4,482.3,976.1,3528.6,54444.1,4820.8
  2004 4Q,58475.2,14755.1,12004,1716.2,1029.9,26.7,36453.4,8628.6,na,na,5284,1298.9,na,na,2175.3,4885.6,7432,na,na,na,6930.7,na,na,na,na,na,3525.1,54076.2,4732.4
  2004 3Q,57157,14177.3,11414.3,1726,1070.7,29.9,35906.1,8247.3,na,na,5173.7,1279.1,na,na,2160.9,4942.6,7270.3,na,na,na,6960.3,na,na,na,na,na,3501.3,52850.1,4636.1
  2004 2Q,56744,14395.5,11541.9,1766.1,1058.8,26.4,35355.8,8138.9,na,na,5082.2,1269.5,na,na,2112.9,4859.6,7214.8,na,na,na,6902.2,na,na,na,na,na,3486.7,52528.6,4484.9
  2004 1Q,55875.5,13983.9,11213.1,1821,996.5,26.3,34709.2,7886.7,na,na,4956.6,1282.1,na,na,2045.1,4848.8,7103,na,na,na,6826.8,na,na,na,na,na,3444.1,51536.4,4708.7
  2003 4Q,54270.4,13317.2,10551.9,1854.6,1015.7,27.3,34245,7544.7,na,na,4854.6,1273,na,na,2006.5,4893,6968.1,na,na,na,6823.8,na,na,na,na,na,3413.5,50188.9,4380.5
  2003 3Q,52758.6,13090,10286.9,1881.3,996.5,27.2,33085.8,7092.7,na,na,4654.8,1191.6,na,na,1945.5,4792,6832.8,na,na,na,6696.5,na,na,na,na,na,3430.6,48833.9,4192.4
  2003 2Q,49921.5,12359,9580.5,1859.1,1003,27,31145.9,6773.5,na,na,4157.5,944,na,na,1894.7,4531.2,6575,na,na,na,6461,na,na,na,na,na,3447.6,46090.1,4130.7
  2003 1Q,50602,12856.2,10138.9,1804.3,1002.8,27.9,31198.5,6597.1,na,na,4670.8,1246.8,na,na,1947,3962.9,6652.4,na,na,na,6646.8,na,na,na,na,na,3443.4,46841.9,4037
  2002 4Q,49966.3,12393.6,9625.7,1912,981.4,28.1,31220.4,6510.2,na,na,4659.2,1276.6,na,na,1834.7,3950.1,6751.5,na,na,na,6685.9,na,na,na,na,na,3449.7,46217.1,4024.4
  2002 3Q,50040.6,12822.7,9981.1,1966.6,975.5,28.7,30847.9,6401.6,na,na,4664.2,1264.9,na,na,1825,3852.6,6623.3,na,na,na,6636,na,na,na,na,na,3411,46360.5,3927.4
  2002 2Q,50000,13220.7,10313.7,2040.8,944.8,30.6,30229.3,6096.1,na,na,4668.6,1290.6,na,na,1803.1,3784.6,6581.1,na,na,na,6607.1,na,na,na,na,na,3387.9,46183.4,4094.3
  2002 1Q,48589.8,12435.3,9482.9,2179.6,933.8,31.8,29807.7,5854.2,na,na,4591.2,1304.9,na,na,1806.2,3995,6432.5,na,na,na,6342.7,na,na,na,na,na,3361.3,44983.9,3855.6
  2001 4Q,47181.2,11716.9,8789.5,2187.5,916.2,33.5,29363.4,5781.4,na,na,4409.4,1286.7,na,na,1735.8,3940.1,6217.5,na,na,na,6353.2,na,na,na,na,na,3264.1,43533.5,3942.3
  2001 3Q,46878.8,11655.4,8600.5,2341.4,906.6,34.9,29183.1,5690.3,na,na,4398.2,1345.1,na,na,1716,3899.5,6235.9,na,na,na,6273.6,na,na,na,na,na,3232.4,43298.2,3872.6
  2001 2Q,47929.5,12196,9079.2,2405.9,903,37.6,29641.6,5852.1,na,na,4415.7,1374.3,na,na,1713.7,4294,6231.3,na,na,na,6190.5,na,na,na,na,na,3222,44356.2,3833.2
  2001 1Q,49193.9,13046.1,9930.8,2402.1,884.9,38.1,29613.3,6031.9,na,na,4410.9,1389.6,na,na,1729.6,4130.7,6258.3,na,na,na,6113.5,na,na,na,na,na,3238.5,45428.7,4030.6
  2000 4Q,49548.7,14010,10828.7,2432.1,874.1,39.5,28954.3,6051.8,na,na,4507,1401.3,na,na,1561.2,3526.7,6298.9,na,na,na,5970.8,na,na,na,na,na,3215.5,45778.1,4046.8
  2000 3Q,49242.2,13701.4,10610.9,2362.3,859.8,42.1,28899.7,6089.5,na,na,4484.8,1384.1,na,na,1527.1,3645.1,6306,na,na,na,5836.1,na,na,na,na,na,3163.5,45385,4169.9
  2000 2Q,47666.1,12967.4,9980,2282.9,831.5,40.8,28221.2,5814.5,na,na,4391.1,1354.7,na,na,1471.5,3765.4,6256.9,na,na,na,5738.6,na,na,na,na,na,3110.2,43859.2,4157.9
  2000 1Q,46764,12606.1,9694.5,2226.4,812.3,42.7,27753.5,5549.7,na,na,4356.5,1332,na,na,1445.5,3809.8,6206.1,na,na,na,5576.9,na,na,na,na,na,3070.7,43060.2,3999.2
  1999 4Q,45276.7,12120.4,9110.6,2297,805.9,45,27005.1,5212.1,na,na,4380.6,1300.2,na,na,1365,3610.9,6094.1,na,na,na,5441.9,na,na,na,na,na,3023.6,41624.2,4020.5
  1999 3Q,44901.5,12188.6,9194.6,2315.9,785.8,44.8,26629.4,4966.4,na,na,4309.6,1254.8,na,na,1300.2,3873.3,6006.2,na,na,na,5312,na,na,na,na,na,2957.6,41367,3832.8
  1999 2Q,44059.2,11849.1,8790,2398,777.4,44.5,26377.9,4921.5,na,na,4237.7,1272.7,na,na,1269.8,3933.2,6020.4,na,na,na,5226,na,na,na,na,na,2886.6,40686,3608.3
  1999 1Q,42973.1,11856.2,8625.6,2572.3,769.1,41,25358.8,4608.1,na,na,4190.3,1220.2,na,na,1233.6,3601.7,5884,na,na,na,5155.8,na,na,na,na,na,2826.6,39712.1,3461.3
  1998 4Q,42225.7,11226.6,8011.1,2549.9,758.1,43.5,25563.8,4561.6,na,na,4074.6,1194.6,na,na,1131.4,3947.2,5875.5,na,na,na,5076.6,na,na,na,na,na,2774.1,39039.7,3398.8
  1998 3Q,41485.7,11068.4,7797.1,2658.3,739.1,43.4,24950.8,4489.2,na,na,4013.9,1178.3,na,na,1115.4,3604.5,5980.2,na,na,na,5071.3,na,na,na,na,na,2722.7,38327.8,3388.4
  1998 2Q,41830.6,11310.1,7919.8,2769.4,756.3,43.6,25076,4599.2,na,na,3989.9,1204.4,na,na,1118.3,3704.4,6012.6,na,na,na,5010.7,na,na,na,na,na,2658.2,38683.5,3356.2
  1998 1Q,42144.3,11316.5,7895.6,2764.7,760.9,46.8,25148.3,4706.1,na,na,3929.9,1224.5,na,na,1101.3,3719.6,5977.5,na,na,na,4954.9,na,na,na,na,na,2618.2,38739.2,3646.8
  1997 4Q,43258.7,11659,8250.3,2752.4,742.9,47.3,26060.5,4728.8,na,na,3895.5,1277.9,na,na,1044.8,4338.4,6064.1,na,na,na,4973,na,na,na,na,na,2527.3,39834.3,3726.2
  1997 3Q,43615.3,11495.6,8145.2,2757.3,728.8,47.2,26544.3,5167.2,na,na,3863.3,1303.5,na,na,1025.9,4759.3,5892.7,na,na,na,4884.5,na,na,na,na,na,2469.2,40174.2,3760
  1997 2Q,42937.1,11098,7941.8,2560.4,700.5,52,26220.5,5107,na,na,3838.7,1303.1,na,na,978.5,4924.3,5613.7,na,na,na,4833.2,na,na,na,na,na,2431.8,39381.6,3926.6
  1997 1Q,41566.8,10496.9,7473.9,2431.7,680.7,50,25708,4987,na,na,3793.4,1287.9,na,na,917.6,4743,5516.6,na,na,na,4748.5,na,na,na,na,na,2413.6,38168.7,3627.1
  1996 4Q,40335,10615.4,7600.3,2406.5,673.7,49.8,24635.1,4804.1,na,na,3709.6,1244.2,na,na,862.9,4254.1,5392.5,na,na,na,4596.2,na,na,na,na,na,2385.9,37180.3,3444.4
  1996 3Q,39277,10270.7,7425.3,2297.4,659.1,50.1,23796.8,4641,na,na,3629.4,1198.7,na,na,828.6,4082,5270.4,na,na,na,4564.4,na,na,na,na,na,2364.5,36080.5,3530.1
  1996 2Q,39287.4,10512.9,7617.4,2335.6,645.5,50.6,23496.3,4567.3,na,na,3618.5,1205.6,na,na,810.7,4032.4,5284.3,na,na,na,4400.2,na,na,na,na,na,2333.9,36059.8,3563.7
  1996 1Q,39337.5,10724.6,7920.1,2263.3,618.6,50.8,23338.4,4626.7,na,na,3575.2,1202.2,na,na,793.3,3912.2,5135.7,na,na,na,4383.2,na,na,na,na,na,2317.3,36071.6,3482.3
  1995 4Q,38043.3,10361.1,7705.4,2084.1,607,49.7,22613.5,4603,na,na,3510.4,1171.5,na,na,776.9,3571.5,4995.6,na,na,na,4261.2,na,na,na,na,na,2311.4,34939.7,3418.5
  1995 3Q,37676.2,10237.9,7740.1,1986.4,596.2,49.1,22368.7,4565.6,na,na,3471.5,1166.7,na,na,751.9,3726.5,4921.2,na,na,na,4145,na,na,na,na,na,2284.4,34650.7,3329
  1995 2Q,36239.2,9670.4,7235,1900.6,590.6,48.1,21661.7,4421.6,na,na,3393,1122.2,na,na,725.9,3554.5,4815,na,na,na,4033.7,na,na,na,na,na,2260.3,33285.4,3257.9
  1995 1Q,35181.3,9251.8,6978.4,1755.9,583.3,48,20965.3,4269.8,na,na,3307.7,1103.9,na,na,687.7,3235.3,4685.4,na,na,na,4000.3,na,na,na,na,na,2253.6,32057.2,3391.7
  1994 4Q,35324.4,9305.9,6916.5,1842.9,573.9,50.9,21193.6,4213.4,na,na,3266.4,1096,na,na,679.5,3480.7,4780.5,na,na,na,3977.8,na,na,na,na,na,2247.3,32328.6,3339.3
  1994 3Q,34809.2,9204.1,6882.2,1830.7,566.8,51.3,20777.5,4017.4,na,na,3182.8,1102.9,na,na,639.5,3699.8,4702.1,na,na,na,3861.5,na,na,na,na,na,2211.7,31888,3252.6
  1994 2Q,33772.9,8937.6,6712.3,1725.6,548.7,51.5,20203,3908.4,na,na,3084.7,1062.5,na,na,613.7,3579.4,4587.5,na,na,na,3819.1,na,na,na,na,na,2184.1,30988.7,3048.7
  1994 1Q,33391.2,8686.1,6451.3,1744.4,541.1,51.5,20185.5,3779,na,na,3033.4,1083.3,na,na,599.1,3671.4,4632.6,na,na,na,3717.9,na,na,na,na,na,2155,30574.1,3048.9
  1993 4Q,32391.3,8203.7,6165.4,1537.9,526.4,48.9,19727.7,3616.7,na,na,2990.5,1070.3,na,na,579.3,3785.7,4320.3,na,na,na,3627.7,na,na,na,na,na,2138,29556.7,3215.1
  1993 3Q,31160.6,8003.5,6047.4,1501.2,514.2,50.5,18818.1,3482.9,na,na,2946.1,1049.4,na,na,567.5,3388,4253.1,na,na,na,3544,na,na,na,na,na,2117.6,28514.5,2957.4
  1993 2Q,30626.7,7849.1,5952.6,1441.4,501.5,49.9,18476.2,3403.1,na,na,2887.8,1033.4,na,na,546.2,3369.9,4212.4,na,na,na,3455.2,na,na,na,na,na,2089.9,27987.5,2956.1
  1993 1Q,29362.8,7557.5,5762.3,1362.1,478.4,49.6,17724.6,3374.4,na,na,2801.4,1001.7,na,na,521.2,2887.8,4146.1,na,na,na,3373.2,na,na,na,na,na,2074.4,26850.5,2767.3
  1992 4Q,28725.1,7541,5691.4,1393.1,481.8,49.9,17194.9,2931.8,na,na,2721.9,991.9,na,na,497,3103.6,4074.4,na,na,na,3307.5,na,na,na,na,na,2029.4,26329,2596.4
  1992 3Q,27973.8,7238.1,5472.8,1340.3,469.5,50.4,16750.5,2845.4,na,na,2668.9,988.3,na,na,486.6,2967.4,4038.3,na,na,na,3285.4,na,na,na,na,na,2043.2,25579.7,2684
  1992 2Q,27242.4,7083.7,5325.9,1329.1,471.3,52.4,16242.9,2793,na,na,2628.3,973.9,na,na,465,2739.4,3994.9,na,na,na,3235.3,na,na,na,na,na,2016.3,24905.3,2592.9
  1992 1Q,26919.1,7077.9,5337.1,1303.3,471.9,55.3,15986.6,2760,na,na,2650.8,964.5,na,na,458.2,2521.8,3946.4,na,na,na,3174.4,na,na,na,na,na,2014.7,24580.1,2649.8
  1991 4Q,26456.1,7015.5,5312.3,1265.7,464.6,52.8,15652.6,2840,na,na,2634.7,935.2,na,na,419.5,2437.3,3757.2,na,na,na,3142.8,na,na,na,na,na,2015.8,24226.2,2423.7
  1991 3Q,26244.2,6925.2,5322.5,1169.5,464.1,55.3,15478.9,2917.6,na,na,2596,916.8,na,na,422.2,2390.2,3670.8,na,na,na,3091.1,na,na,na,na,na,2017.7,23963.1,2595.8
  1991 2Q,25819.2,6794.2,5319.9,1053,448.3,55.8,15286.6,2857.8,na,na,2521.1,897.3,na,na,408.7,2456.9,3609.7,na,na,na,3038.9,na,na,na,na,na,1994,23630.3,2398.3
  1991 1Q,25457.6,6861.3,5400.3,1058.5,441.2,54,15014.6,2829.3,na,na,2451,830.4,na,na,393.4,2367.3,3584.9,na,na,na,2971.8,na,na,na,na,na,1991.4,23378.5,2237.2
  1990 4Q,24863.6,6642.4,5203.1,1018,436.4,58,14625.2,2693.8,na,na,2431.6,907.2,na,na,376.4,2281.1,3507.1,na,na,na,2930,na,na,na,na,na,1985.9,22799.3,2210.8
  1990 3Q,24472.5,6481.7,5134,934.8,426.6,56.3,14397.6,2540.3,na,na,2415.7,890.8,na,na,369.7,2342.8,3432.2,na,na,na,2903.6,na,na,na,na,na,1975.5,22375.2,2371.5
  1990 2Q,24200.6,6359.2,4996.6,955.8,426.6,59.2,14207.6,2573.8,na,na,2395.1,883.5,na,na,357.2,2249.5,3404.4,na,na,na,2862.6,na,na,na,na,na,1950.5,22048.4,2492.4
  1990 1Q,23950,6248.7,4899.4,950.6,418.2,64.2,14080.8,2573.4,na,na,2355.3,882.9,na,na,346.1,2233.1,3307.8,na,na,na,2773.8,na,na,na,na,na,1949.9,21739.5,2611.4
  1989 4Q,23001.2,6135.1,4799,933.7,405,65,13208.7,2409.8,na,na,2287.5,885.8,na,na,337.4,1885.9,3297.4,na,na,na,2695.9,na,na,na,na,na,1976.3,20835.5,2575.2
  1989 3Q,22488.5,5978.7,4675.2,905.5,395.7,65,13167.2,2455.2,na,na,2220.3,882.6,na,na,317.5,1930.1,3281.2,na,na,na,2676.6,na,na,na,na,na,1944.1,20578.2,2130.7
  1989 2Q,22231.9,5840.9,4598.1,865.1,390.7,61.9,13035.3,2350.3,na,na,2185.2,855.5,na,na,312.4,1999.1,3183.3,na,na,na,2669.9,na,na,na,na,na,1958.9,20297.6,2183.2
  1989 1Q,21030.4,5656.6,4396.9,884,387.1,66.8,12163.6,2100.7,na,na,2148.1,842.6,na,na,304.2,1687.3,3107.6,na,na,na,2555.8,na,na,na,na,na,1951.7,19182.9,2116.7
  1988 4Q,21002.3,5610.6,4352.8,869.3,382.7,67.1,12144.1,2275.7,na,na,2105.8,808,na,na,300.9,1700.2,3005.3,na,na,na,2497.4,na,na,na,na,na,1882.6,19142.6,2121.5
  1988 3Q,20467.2,5569.2,4281.3,902.2,379.5,67.2,11815.4,2224.7,na,na,2054,777,na,na,290.9,1652.8,2880,na,na,na,2467,na,na,na,na,na,1803.4,18731,1917.4
  1988 2Q,19936,5444,4182.9,903.9,370.4,69.2,11444.5,2128.5,na,na,2007.5,750.8,na,na,280.9,1575,2803.2,na,na,na,2417.6,na,na,na,na,na,1809.8,18232.3,1879
  1988 1Q,19161.1,5237.9,4000,875.1,365.9,68,11054.9,1965.7,na,na,1979.4,736.1,na,na,273.2,1456.1,2816.3,na,na,na,2439.5,na,na,na,na,na,1795.8,17570.4,1722
  1987 4Q,18947.9,5142.6,3875.1,885.7,365.9,74.2,10890.7,1915.7,na,na,1898.2,709,na,na,257.7,1531.8,2697.9,na,na,na,2455.1,na,na,na,na,na,1748.3,17315.2,1822.8
  1987 3Q,18413.2,4934.5,3611.5,951.8,350.3,78.6,10646.7,1883.7,na,na,1863.8,670.8,na,na,247.7,1653,2358,na,na,na,2312,na,na,na,na,na,1697.1,16810.1,1821.2
  1987 2Q,17794.4,4743.8,3427.7,974,338.3,83.5,10335.1,1825.8,na,na,1804.3,646.4,na,na,232.3,1568.6,2286.8,na,na,na,2308.1,na,na,na,na,na,1714.5,16284.8,1645.1
  1987 1Q,17245.9,4584.9,3283.9,941.8,331.1,83.4,10042.2,1645,na,na,1771,614.8,na,na,227.2,1439.6,2578.2,na,na,na,2322.4,na,na,na,na,na,1689,15794.8,1587
  1986 4Q,16833.6,4517.6,3222.4,940.1,331.5,85.3,9758.6,1687,na,na,1754.8,616.6,na,na,223.1,1288.6,2580.7,na,na,na,2250.6,na,na,na,na,na,1601.3,15412.9,1547.7
  1986 3Q,16413,4453.2,3112.9,986.1,322.9,87.2,9428.9,1649.9,na,na,1741.8,610.8,na,na,216.3,1322.6,2108.3,na,na,na,2196.5,na,na,na,na,na,1590.8,15013.3,1539.1
  1986 2Q,16156.2,4455.3,2960.9,1171.2,314.1,87.5,9225.2,1642.5,na,na,1705.5,586.7,na,na,209.9,1256.5,2065.9,na,na,na,2141.5,na,na,na,na,na,1545.5,14792.4,1487.2
  1986 1Q,15949.6,4295,2792.7,1160.6,304,88.9,9217.2,1601.1,na,na,1675.4,589.1,na,na,204.1,1235.8,2313.5,na,na,na,2125.6,na,na,na,na,na,1495.4,14598.9,1472.2
  1985 4Q,15797.1,4215.6,2660.1,1233.6,297.2,89.6,9195,1591.6,na,na,1648.8,570.7,na,na,202.2,1303.4,2288.7,na,na,na,2087.5,na,na,na,na,na,1485.3,14465.9,1451.5
  1985 3Q,15967.7,4435.6,2757,1344,295.9,97.8,9121.1,1610.5,na,na,1608.2,565.5,na,na,194.8,1324.7,2247.5,na,na,na,2048,na,na,na,na,na,1377.6,14608.4,1495.2
  1985 2Q,16148.5,4513.9,2819.3,1366.1,301.4,102.2,9242.1,1673.7,na,na,1605.8,568.6,na,na,190.6,1261.5,2436.6,na,na,na,2040.7,na,na,na,na,na,1300.2,14783,1496.5
  1985 1Q,16603.2,4922.7,2944.6,1625.6,304.2,110.7,9171.4,1763.7,na,na,1590.8,568.2,na,na,188.7,1239.9,2289.3,na,na,na,2049.8,na,na,na,na,na,1340.4,15186.9,1548.3
  1984 4Q,16413.1,4976.2,2974.9,1663.5,294,113.9,9000.5,1780.1,na,na,1605.9,572.5,na,na,190.8,1172.6,2189.3,na,na,na,1956.8,na,na,na,na,na,1254.8,15038.9,1480.4
  1984 3Q,16354.8,5048.9,3015.8,1703.4,289.9,111.8,8857.7,1730.9,na,na,1585.6,571.6,na,na,181.3,1149.6,2163.8,na,na,na,2002.5,na,na,na,na,na,1223,14976.6,1501.2
  1984 2Q,16163.5,5029,3037.8,1677.3,286.6,112.9,8711.3,1665.6,na,na,1612.8,572.1,na,na,179.1,1078.4,2147.2,na,na,na,1977.6,na,na,na,na,na,1176.1,14788.4,1516.2
  1984 1Q,15973.6,4997.5,3026.8,1658.7,280.9,105.8,8598.5,1704.8,na,na,1538.5,561.8,na,na,174.4,1061.3,2165.9,na,na,na,1939.7,na,na,na,na,na,1119.2,14605.8,1508.9
  1983 4Q,15484.2,4840.8,2919.9,1600.8,275.1,107,8393.7,1667,na,na,1478.6,560.8,na,na,176.5,990,2191.3,na,na,na,1909,na,na,na,na,na,918,14159.6,1468.9
  1983 3Q,15031.8,4630,2831.1,1482.9,274.9,106.6,8239.7,1648.5,na,na,1451.3,561.1,na,na,166.7,971.9,2159.8,na,na,na,1887.4,na,na,na,na,na,862.6,13756.4,1402
  1983 2Q,14726.5,4455.9,2720.3,1425.7,271.7,108.1,8136.4,1616.7,na,na,1422.9,556.9,na,na,159.7,966.4,2146.8,na,na,na,1850.7,na,na,na,na,na,850.2,13448.3,1450.1
  1983 1Q,14418.3,4358.5,2743.6,1306.2,256.5,109.9,7964.2,1603.6,na,na,1388.5,554.7,na,na,154.4,917.7,2143.8,na,na,na,1812.3,na,na,na,na,na,850.6,13169.9,1409.1
  1982 4Q,14052,4136,2589.1,1240.1,256.9,103,7947.6,1577.7,na,na,1344.1,553.9,na,na,149.2,969.4,2142.6,na,na,na,1816.4,na,na,na,na,na,621.5,12830.5,1387.1
  1982 3Q,13848,4170.1,2693.4,1179.1,251.4,103.6,7751,1563.3,na,na,1327.4,552.8,na,na,143.1,900.9,2134.9,na,na,na,1761.9,na,na,na,na,na,604.6,12659.5,1330.5
  1982 2Q,13643.7,4134,2780.3,1061.1,246.1,99.1,7601.4,1548.2,na,na,1324.7,536.9,na,na,134.8,845.6,2147.2,na,na,na,1708.5,na,na,na,na,na,597.7,12457.3,1348.7
  1982 1Q,13429.9,4146.3,2868,988.6,241.5,100.2,7419.6,1545.6,na,na,1307.3,534.5,na,na,129.9,791.7,2139.5,na,na,na,1629.1,na,na,na,na,na,604.9,12283.4,1273.9
  1981 4Q,13259.3,4075.7,2838.8,936.9,243.6,101.2,7285.9,1507.2,na,na,1267.2,525.6,na,na,121.4,916.7,1797.9,na,na,na,1626.9,na,na,na,na,na,642.2,12112.6,1287.8
  1981 3Q,13001.6,3996.8,2860.1,828.3,240.4,99.5,7147.6,1487.5,na,na,1227.9,517.5,na,na,118.1,915,1766.3,na,na,na,1571.6,na,na,na,na,na,641,11873.7,1281.7
  1981 2Q,12723.6,3941.9,2870.1,758.7,236.5,99.3,6977.5,1478.3,na,na,1199.4,512.4,na,na,110.1,867.6,1682.1,na,na,na,1572.9,na,na,na,na,na,632.9,11635.5,1203.2
  1981 1Q,12337.7,3776.4,2744.4,723.4,231.8,102.2,6818.7,1462.1,na,na,1164.8,504.6,na,na,105.4,831.8,1658.9,na,na,na,1567.5,na,na,na,na,na,621,11272,1208.8
  1980 4Q,11983,3693.3,2674.7,706.5,226.8,100.6,6607.2,1464.2,na,na,1134.1,491.1,na,na,96.5,720.9,1707.3,na,na,na,1549.8,na,na,na,na,na,483,10941.7,1177.3
  1980 3Q,11686.6,3600.4,2605.4,689.1,223.7,98.7,6443.6,1445.8,na,na,1123.8,477.8,na,na,95.3,675,1650.6,na,na,na,1516.5,na,na,na,na,na,484.7,10661.9,1182.9
  1980 2Q,11432.5,3550.9,2563.6,686,222,97.3,6283.2,1428.5,na,na,1088.4,465.4,na,na,91.4,633.2,1647.9,na,na,na,1494.7,na,na,na,na,na,485.1,10438.4,1133.2
  1980 1Q,11205.9,3471.8,2505,675.6,220.1,94,6148.6,1390.2,na,na,1085,452.2,na,na,87.9,620.5,1611.2,na,na,na,1483.1,na,na,na,na,na,485.1,10209.6,1171.4
  1979 4Q,11026.3,3426.4,2482.7,638.9,213.4,98.9,6015.9,1398.3,na,na,1062.3,440.1,na,na,82.1,553.8,1609,na,na,na,1453.8,na,na,na,na,na,463.5,10039.8,1161.7
  1979 3Q,10575.1,3262.3,2353.9,617.2,209.1,96.6,5813.1,1393.5,na,na,983,422.7,na,na,78.9,513,1575.1,na,na,na,1452.2,na,na,na,na,na,461.4,9645.9,1076
  1979 2Q,10384.7,3225.6,2309.5,624.9,207.8,96.9,5698.8,1353.2,na,na,978.4,416.1,na,na,75.1,492,1580.9,na,na,na,1434.7,na,na,na,na,na,460.5,9481.8,1027.4
  1979 1Q,10053.3,3147.9,2255.2,604.9,206.8,93.3,5504,1339.4,na,na,936.7,401.3,na,na,72,467.9,1532.8,na,na,na,1391.8,na,na,na,na,na,455,9193.7,962.9
  1978 4Q,10028.3,3108,2211.5,601.2,204.5,95.2,5517.2,1327.4,na,na,911.3,400,na,na,69.9,499,1478.1,na,na,na,1421.8,na,na,na,na,na,428.7,9172.9,941.1
  1978 3Q,9762.4,2971.3,2123.4,571.2,196.6,95,5420.4,1330.2,na,na,881.1,395.3,na,na,67.4,477,1482.8,na,na,na,1382.4,na,na,na,na,na,427,8919.7,951.7
  1978 2Q,9396.3,2851.9,2001.9,574.9,189,94.2,5220.5,1276.6,na,na,849.8,384.2,na,na,65.2,444.9,1476.7,na,na,na,1340.6,na,na,na,na,na,425.4,8581.8,921.4
  1978 1Q,9177,2771.7,1913.2,584.1,187.9,94,5100.8,1279.9,na,na,815.8,378.5,na,na,59.3,417,1500.3,na,na,na,1326.5,na,na,na,na,na,421.9,8375.1,924.6
  1977 4Q,9103.7,2788.1,1905.9,608.4,177.7,95.6,5020.6,1260.7,na,na,804.8,367.2,na,na,56.9,393.1,1518.6,na,na,na,1288.6,na,na,na,na,na,420.9,8318.4,879.6
  1977 3Q,8953.8,2758.7,1856.9,651.4,174.8,97.4,4920.6,1231.6,na,na,775.5,362.5,na,na,52.7,395.6,1509.1,na,na,na,1272.2,na,na,na,na,na,410.7,8171.9,899.3
  1977 2Q,8863.5,2756.7,1858.2,630.8,173.4,99.5,4847.1,1223.3,na,na,734.4,355.7,na,na,49.9,402.9,1494.7,na,na,na,1263.4,na,na,na,na,na,410.7,8090.6,881.7
  1977 1Q,8683.5,2695.1,1797.1,643.2,163.4,100.3,4764.6,1193.1,na,na,720,344.9,na,na,55.6,388.9,1519.2,na,na,na,1257.3,na,na,na,na,na,402.4,7935.5,847.2
  1976 4Q,8496.3,2613.2,1739.1,613.7,163.1,95.2,4666.8,1157.5,na,na,693.3,339.5,na,na,43.9,414.6,1453.1,na,na,na,1256.9,na,na,na,na,na,397.1,7755.5,842.9
  1976 3Q,8408.2,2626.7,1721.3,671.7,159.4,98.5,4599.7,1149.3,na,na,669.2,331.1,na,na,45.6,386.6,1485.1,na,na,na,1242.5,na,na,na,na,na,389.2,7692.4,790.3
  1976 2Q,8247.1,2566.3,1654,663.7,155.7,97.4,4513.6,1123.3,na,na,653.4,320,na,na,43.8,369.8,1483.2,na,na,na,1244.1,na,na,na,na,na,381,7532.8,805.1
  1976 1Q,8169.7,2555.3,1671.7,645,152.2,97.6,4461.6,1100,na,na,649.2,317.6,na,na,41.4,386.6,1518.7,na,na,na,1217.4,na,na,na,na,na,379.1,7464.3,802.5
  1975 4Q,7948.1,2474.2,1608.3,629.7,150.9,93.4,4329.3,1096.8,na,na,594.6,309.1,na,na,41.3,370.4,1515.7,na,na,na,1215.6,na,na,na,na,na,374.2,7244.7,814.4
  1975 3Q,7836.6,2402.7,1585.1,598.9,148,88.9,4308.1,1110.1,na,na,589.5,302.6,na,na,38.3,346,1535.6,na,na,na,1213.5,na,na,na,na,na,370.3,7154,778.1
  1975 2Q,7681.5,2235.7,1432.9,569.2,143.2,86.3,4336,1158.1,na,na,576.3,300.3,na,na,37.8,336.6,1537.2,na,na,na,1187.3,na,na,na,na,na,362.5,7016,750.8
  1975 1Q,7546,2207.7,1439.1,541.9,142,84.8,4235.5,1117.8,na,na,547.7,296.1,na,na,41.2,354.7,1482.6,na,na,na,1164.5,na,na,na,na,na,356.2,6883.9,766.2
,,,,,,,,,,,,,,,,,,,,,,,,,,,,,
Footnotes:,,,,,,,,,,,,,,,,,,,,,,,,,,,,,
Disaggregated chain-linked data generally do not add up to the total.,,,,,,,,,,,,,,,,,,,,,,,,,,,,,
GDP In Chained (2015) Dollars -> Goods Producing Industries -> Other Goods Industries (Million Dollars):,,,,,,,,,,,,,,,,,,,,,,,,,,,,,
"Other goods industries comprise agriculture, fishing and quarrying.",,,,,,,,,,,,,,,,,,,,,,,,,,,,,
GDP In Chained (2015) Dollars -> Services Producing Industries -> Other Services Industries -> Other Services - Others (Million Dollars):,,,,,,,,,,,,,,,,,,,,,,,,,,,,,
"Comprise Activities of membership organisations, Repair of computers, personal, household goods & vehicles, Other personal services and Activities of households as employers of domestic personnel.",,,,,,,,,,,,,,,,,,,,,,,,,,,,,
,,,,,,,,,,,,,,,,,,,,,,,,,,,,,
Definitions,,,,,,,,,,,,,,,,,,,,,,,,,,,,,
Gross Domestic Product:,,,,,,,,,,,,,,,,,,,,,,,,,,,,,
"Aggregate value of the goods and services produced in the economic territory of Singapore. The GDP estimates are compiled based on the output (or production), expenditure and income approaches. See Output-based GDP, Expenditure-based GDP and Income-based GDP.",,,,,,,,,,,,,,,,,,,,,,,,,,,,,
Taxes on Products:,,,,,,,,,,,,,,,,,,,,,,,,,,,,,
"Refers to taxes payable per unit of good and services when they are produced, delivered, sold, transferred or otherwise disposed of by their producers.",,,,,,,,,,,,,,,,,,,,,,,,,,,,,
Value Added:,,,,,,,,,,,,,,,,,,,,,,,,,,,,,
"Gross value added is derived by the output or income approach. 
The output approach measures value added as output less intermediate consumption. Output refers to the value of goods and services produced  while intermediate consumption is value of goods and services consumed as inputs by a process of production, e.g. materials, utilities, fuel, rental paid for premises and equipment, banking and financial charges and other operating costs.
The income approach derives value added as the sum of incomes generated from the domestic production of goods and services, which comprise gross operating surplus, remuneration and taxes (less subsidies) on production. ",,,,,,,,,,,,,,,,,,,,,,,,,,,,,
,,,,,,,,,,,,,,,,,,,,,,,,,,,,,
Notation:,,,,,,,,,,,,,,,,,,,,,,,,,,,,,
na   not available or not applicable,,,,,,,,,,,,,,,,,,,,,,,,,,,,,
nec  not elsewhere classified,,,,,,,,,,,,,,,,,,,,,,,,,,,,,
nes  not elsewhere specified,,,,,,,,,,,,,,,,,,,,,,,,,,,,,
 -     nil or negligible or not significant,,,,,,,,,,,,,,,,,,,,,,,,,,,,,
Notes,,,,,,,,,,,,,,,,,,,,,,,,,,,,,
Numbers may not add up to the totals due to rounding.,,,,,,,,,,,,,,,,,,,,,,,,,,,,,
"Data are the latest available at the time of access or download. Some statistics, particularly those for the most recent time periods, are provisional and may be subject to revision at a later date.",,,,,,,,,,,,,,,,,,,,,,,,,,,,,
Values are shown in Singapore dollars (unless otherwise specified).,,,,,,,,,,,,,,,,,,,,,,,,,,,,,
,,,,,,,,,,,,,,,,,,,,,,,,,,,,,
Generated by: SingStat Table Builder,,,,,,,,,,,,,,,,,,,,,,,,,,,,,
Date generated: 06/02/2025,,,,,,,,,,,,,,,,,,,,,,,,,,,,,
Contact: info@singstat.gov.sg,,,,,,,,,,,,,,,,,,,,,,,,,,,,,